entity_id,state,last_changed,current_temperature
climate.doughl33f_thermostat,off,2026-02-11T20:30:00.000Z,120
climate.doughl33f_thermostat,off,2026-02-11T20:30:05.844Z,119
climate.doughl33f_thermostat,off,2026-02-11T20:30:35.967Z,118
climate.doughl33f_thermostat,off,2026-02-11T20:30:55.916Z,117
climate.doughl33f_thermostat,off,2026-02-11T20:31:15.947Z,116
climate.doughl33f_thermostat,off,2026-02-11T20:31:45.992Z,115
climate.doughl33f_thermostat,off,2026-02-11T20:32:06.012Z,114
climate.doughl33f_thermostat,off,2026-02-11T20:32:46.070Z,113
climate.doughl33f_thermostat,off,2026-02-11T20:33:16.110Z,112
climate.doughl33f_thermostat,off,2026-02-11T20:33:46.152Z,111
climate.doughl33f_thermostat,off,2026-02-11T20:34:26.215Z,110
climate.doughl33f_thermostat,off,2026-02-11T20:35:06.271Z,109
climate.doughl33f_thermostat,off,2026-02-11T20:35:46.323Z,108
climate.doughl33f_thermostat,off,2026-02-11T20:36:26.380Z,107
climate.doughl33f_thermostat,off,2026-02-11T20:37:06.443Z,106
climate.doughl33f_thermostat,off,2026-02-11T20:37:46.489Z,105
climate.doughl33f_thermostat,off,2026-02-11T20:38:36.560Z,104
climate.doughl33f_thermostat,off,2026-02-11T20:39:26.630Z,103
climate.doughl33f_thermostat,off,2026-02-11T20:40:16.702Z,102
climate.doughl33f_thermostat,off,2026-02-11T20:41:06.780Z,101
climate.doughl33f_thermostat,off,2026-02-11T20:42:06.856Z,100
climate.doughl33f_thermostat,off,2026-02-11T20:43:06.940Z,99
climate.doughl33f_thermostat,off,2026-02-11T20:44:07.029Z,98
climate.doughl33f_thermostat,off,2026-02-11T20:45:07.109Z,97
climate.doughl33f_thermostat,off,2026-02-11T20:46:17.210Z,96
climate.doughl33f_thermostat,off,2026-02-11T20:47:27.307Z,95
climate.doughl33f_thermostat,off,2026-02-11T20:48:37.410Z,94
climate.doughl33f_thermostat,off,2026-02-11T20:49:47.531Z,93
climate.doughl33f_thermostat,off,2026-02-11T20:51:07.624Z,92
climate.doughl33f_thermostat,off,2026-02-11T20:52:37.751Z,91
climate.doughl33f_thermostat,off,2026-02-11T20:53:57.865Z,90
climate.doughl33f_thermostat,off,2026-02-11T20:55:38.007Z,89
climate.doughl33f_thermostat,off,2026-02-11T20:57:18.146Z,88
climate.doughl33f_thermostat,off,2026-02-11T20:58:58.291Z,87
climate.doughl33f_thermostat,off,2026-02-11T21:00:48.442Z,86
climate.doughl33f_thermostat,off,2026-02-11T21:02:48.610Z,85
climate.doughl33f_thermostat,off,2026-02-11T21:05:08.823Z,84
climate.doughl33f_thermostat,off,2026-02-11T21:07:29.010Z,83
climate.doughl33f_thermostat,off,2026-02-11T21:09:59.224Z,82
climate.doughl33f_thermostat,off,2026-02-11T21:12:39.484Z,81
climate.doughl33f_thermostat,off,2026-02-11T21:15:39.704Z,80
climate.doughl33f_thermostat,off,2026-02-11T21:18:59.985Z,79
climate.doughl33f_thermostat,off,2026-02-11T21:22:40.294Z,78
climate.doughl33f_thermostat,off,2026-02-11T21:26:50.646Z,77
climate.doughl33f_thermostat,off,2026-02-11T21:32:01.110Z,76
climate.doughl33f_thermostat,off,2026-02-11T21:38:11.609Z,75
climate.doughl33f_thermostat,off,2026-02-11T21:45:12.208Z,74
climate.doughl33f_thermostat,off,2026-02-11T21:54:22.983Z,73
sensor.fridge_temperature,81.14,2026-02-11T20:30:00.000Z
sensor.fridge_temperature,80.96,2026-02-11T20:30:57.476Z
sensor.fridge_temperature,80.78,2026-02-11T20:32:49.020Z
sensor.fridge_temperature,80.6,2026-02-11T20:34:29.768Z
sensor.fridge_temperature,80.78,2026-02-11T20:34:30.870Z
sensor.fridge_temperature,80.6,2026-02-11T20:34:48.963Z
sensor.fridge_temperature,80.42,2026-02-11T20:36:48.961Z
sensor.fridge_temperature,80.24,2026-02-11T20:37:48.954Z
sensor.fridge_temperature,80.06,2026-02-11T20:39:13.575Z
sensor.fridge_temperature,79.88,2026-02-11T20:42:49.074Z
sensor.fridge_temperature,79.7,2026-02-11T20:44:48.956Z
sensor.fridge_temperature,79.52,2026-02-11T20:48:48.967Z
sensor.fridge_temperature,79.7,2026-02-11T20:51:49.103Z
sensor.fridge_temperature,79.88,2026-02-11T20:56:48.962Z
sensor.fridge_temperature,79.7,2026-02-11T21:00:48.958Z
sensor.fridge_temperature,79.88,2026-02-11T21:01:48.959Z
sensor.fridge_temperature,79.7,2026-02-11T21:16:49.136Z
sensor.fridge_temperature,79.52,2026-02-11T21:19:48.973Z
sensor.fridge_temperature,79.34,2026-02-11T21:22:49.444Z
sensor.fridge_temperature,79.52,2026-02-11T21:23:48.976Z
sensor.fridge_temperature,79.34,2026-02-11T21:24:48.971Z
sensor.fridge_temperature,79.52,2026-02-11T21:30:48.969Z
sensor.fridge_temperature,79.7,2026-02-11T21:40:48.984Z
sensor.fridge_temperature,79.52,2026-02-11T21:46:49.035Z
sensor.fridge_temperature,79.34,2026-02-11T21:54:48.981Z
sensor.fridge_temperature,79.52,2026-02-11T21:55:48.983Z
sensor.fridge_temperature,79.34,2026-02-11T21:56:48.980Z
sensor.tp_link_smart_plug_794f_current_consumption,3.8,2026-02-11T20:30:00.000Z
sensor.tp_link_smart_plug_794f_current_consumption,4.0,2026-02-11T20:30:04.039Z
sensor.tp_link_smart_plug_794f_current_consumption,3.8,2026-02-11T20:30:09.031Z
sensor.tp_link_smart_plug_794f_current_consumption,3.9,2026-02-11T20:30:14.040Z
sensor.tp_link_smart_plug_794f_current_consumption,3.8,2026-02-11T20:30:19.057Z
sensor.tp_link_smart_plug_794f_current_consumption,3.9,2026-02-11T20:30:24.046Z
sensor.tp_link_smart_plug_794f_current_consumption,3.8,2026-02-11T20:30:29.051Z
sensor.tp_link_smart_plug_794f_current_consumption,3.9,2026-02-11T20:30:34.079Z
sensor.tp_link_smart_plug_794f_current_consumption,3.8,2026-02-11T20:30:39.030Z
sensor.tp_link_smart_plug_794f_current_consumption,4.0,2026-02-11T20:30:44.034Z
sensor.tp_link_smart_plug_794f_current_consumption,3.9,2026-02-11T20:30:54.030Z
sensor.tp_link_smart_plug_794f_current_consumption,4.0,2026-02-11T20:31:04.030Z
sensor.tp_link_smart_plug_794f_current_consumption,4.1,2026-02-11T20:31:14.031Z
sensor.tp_link_smart_plug_794f_current_consumption,3.9,2026-02-11T20:31:19.031Z
sensor.tp_link_smart_plug_794f_current_consumption,3.8,2026-02-11T20:31:24.041Z
sensor.tp_link_smart_plug_794f_current_consumption,3.9,2026-02-11T20:31:29.037Z
sensor.tp_link_smart_plug_794f_current_consumption,4.0,2026-02-11T20:31:34.031Z
sensor.tp_link_smart_plug_794f_current_consumption,4.1,2026-02-11T20:31:39.048Z
sensor.tp_link_smart_plug_794f_current_consumption,4.0,2026-02-11T20:31:44.046Z
sensor.tp_link_smart_plug_794f_current_consumption,3.9,2026-02-11T20:31:49.040Z
sensor.tp_link_smart_plug_794f_current_consumption,3.8,2026-02-11T20:31:59.037Z
sensor.tp_link_smart_plug_794f_current_consumption,3.9,2026-02-11T20:32:14.038Z
sensor.tp_link_smart_plug_794f_current_consumption,4.1,2026-02-11T20:32:19.038Z
sensor.tp_link_smart_plug_794f_current_consumption,3.8,2026-02-11T20:32:24.058Z
sensor.tp_link_smart_plug_794f_current_consumption,4.5,2026-02-11T20:32:29.090Z
sensor.tp_link_smart_plug_794f_current_consumption,4.1,2026-02-11T20:32:34.032Z
sensor.tp_link_smart_plug_794f_current_consumption,4.0,2026-02-11T20:32:39.038Z
sensor.tp_link_smart_plug_794f_current_consumption,3.9,2026-02-11T20:32:44.092Z
sensor.tp_link_smart_plug_794f_current_consumption,4.3,2026-02-11T20:32:49.129Z
sensor.tp_link_smart_plug_794f_current_consumption,4.4,2026-02-11T20:32:54.050Z
sensor.tp_link_smart_plug_794f_current_consumption,3.8,2026-02-11T20:32:59.038Z
sensor.tp_link_smart_plug_794f_current_consumption,4.3,2026-02-11T20:33:14.030Z
sensor.tp_link_smart_plug_794f_current_consumption,3.8,2026-02-11T20:33:19.030Z
sensor.tp_link_smart_plug_794f_current_consumption,3.7,2026-02-11T20:33:39.047Z
sensor.tp_link_smart_plug_794f_current_consumption,3.9,2026-02-11T20:33:44.045Z
sensor.tp_link_smart_plug_794f_current_consumption,3.8,2026-02-11T20:33:54.030Z
sensor.tp_link_smart_plug_794f_current_consumption,3.7,2026-02-11T20:34:04.032Z
sensor.tp_link_smart_plug_794f_current_consumption,3.8,2026-02-11T20:34:09.046Z
sensor.tp_link_smart_plug_794f_current_consumption,3.7,2026-02-11T20:34:19.032Z
sensor.tp_link_smart_plug_794f_current_consumption,3.8,2026-02-11T20:34:24.054Z
sensor.tp_link_smart_plug_794f_current_consumption,3.7,2026-02-11T20:34:29.030Z
sensor.tp_link_smart_plug_794f_current_consumption,3.8,2026-02-11T20:34:34.033Z
sensor.tp_link_smart_plug_794f_current_consumption,3.7,2026-02-11T20:34:39.032Z
sensor.tp_link_smart_plug_794f_current_consumption,4.1,2026-02-11T20:34:44.035Z
sensor.tp_link_smart_plug_794f_current_consumption,3.8,2026-02-11T20:34:49.035Z
sensor.tp_link_smart_plug_794f_current_consumption,3.9,2026-02-11T20:34:59.031Z
sensor.tp_link_smart_plug_794f_current_consumption,3.7,2026-02-11T20:35:09.050Z
sensor.tp_link_smart_plug_794f_current_consumption,3.8,2026-02-11T20:35:14.041Z
sensor.tp_link_smart_plug_794f_current_consumption,3.7,2026-02-11T20:35:24.046Z
sensor.tp_link_smart_plug_794f_current_consumption,3.9,2026-02-11T20:35:29.030Z
sensor.tp_link_smart_plug_794f_current_consumption,4.3,2026-02-11T20:35:34.036Z
sensor.tp_link_smart_plug_794f_current_consumption,3.9,2026-02-11T20:35:39.031Z
sensor.tp_link_smart_plug_794f_current_consumption,4.1,2026-02-11T20:35:44.032Z
sensor.tp_link_smart_plug_794f_current_consumption,3.7,2026-02-11T20:35:49.037Z
sensor.tp_link_smart_plug_794f_current_consumption,3.8,2026-02-11T20:35:54.037Z
sensor.tp_link_smart_plug_794f_current_consumption,3.7,2026-02-11T20:35:59.031Z
sensor.tp_link_smart_plug_794f_current_consumption,3.8,2026-02-11T20:36:04.040Z
sensor.tp_link_smart_plug_794f_current_consumption,3.7,2026-02-11T20:36:09.041Z
sensor.tp_link_smart_plug_794f_current_consumption,3.9,2026-02-11T20:36:19.031Z
sensor.tp_link_smart_plug_794f_current_consumption,4.5,2026-02-11T20:36:24.038Z
sensor.tp_link_smart_plug_794f_current_consumption,3.9,2026-02-11T20:36:29.030Z
sensor.tp_link_smart_plug_794f_current_consumption,3.7,2026-02-11T20:36:34.031Z
sensor.tp_link_smart_plug_794f_current_consumption,3.9,2026-02-11T20:36:39.036Z
sensor.tp_link_smart_plug_794f_current_consumption,3.8,2026-02-11T20:36:44.036Z
sensor.tp_link_smart_plug_794f_current_consumption,4.0,2026-02-11T20:36:49.043Z
sensor.tp_link_smart_plug_794f_current_consumption,3.7,2026-02-11T20:36:54.049Z
sensor.tp_link_smart_plug_794f_current_consumption,4.0,2026-02-11T20:36:59.036Z
sensor.tp_link_smart_plug_794f_current_consumption,3.8,2026-02-11T20:37:04.039Z
sensor.tp_link_smart_plug_794f_current_consumption,3.9,2026-02-11T20:37:09.034Z
sensor.tp_link_smart_plug_794f_current_consumption,3.8,2026-02-11T20:37:14.032Z
sensor.tp_link_smart_plug_794f_current_consumption,3.9,2026-02-11T20:37:19.034Z
sensor.tp_link_smart_plug_794f_current_consumption,3.8,2026-02-11T20:37:24.032Z
sensor.tp_link_smart_plug_794f_current_consumption,3.9,2026-02-11T20:37:29.034Z
sensor.tp_link_smart_plug_794f_current_consumption,3.7,2026-02-11T20:37:44.033Z
sensor.tp_link_smart_plug_794f_current_consumption,3.9,2026-02-11T20:37:49.037Z
sensor.tp_link_smart_plug_794f_current_consumption,3.8,2026-02-11T20:37:59.662Z
sensor.tp_link_smart_plug_794f_current_consumption,4.3,2026-02-11T20:38:05.033Z
sensor.tp_link_smart_plug_794f_current_consumption,3.9,2026-02-11T20:38:10.031Z
sensor.tp_link_smart_plug_794f_current_consumption,3.7,2026-02-11T20:38:15.042Z
sensor.tp_link_smart_plug_794f_current_consumption,3.9,2026-02-11T20:38:20.041Z
sensor.tp_link_smart_plug_794f_current_consumption,3.7,2026-02-11T20:38:25.048Z
sensor.tp_link_smart_plug_794f_current_consumption,4.0,2026-02-11T20:38:30.035Z
sensor.tp_link_smart_plug_794f_current_consumption,3.7,2026-02-11T20:38:35.040Z
sensor.tp_link_smart_plug_794f_current_consumption,3.8,2026-02-11T20:38:40.045Z
sensor.tp_link_smart_plug_794f_current_consumption,4.5,2026-02-11T20:38:45.030Z
sensor.tp_link_smart_plug_794f_current_consumption,3.9,2026-02-11T20:38:50.033Z
sensor.tp_link_smart_plug_794f_current_consumption,4.1,2026-02-11T20:38:55.111Z
sensor.tp_link_smart_plug_794f_current_consumption,3.8,2026-02-11T20:39:00.037Z
sensor.tp_link_smart_plug_794f_current_consumption,3.9,2026-02-11T20:39:05.035Z
sensor.tp_link_smart_plug_794f_current_consumption,3.8,2026-02-11T20:39:10.033Z
sensor.tp_link_smart_plug_794f_current_consumption,3.7,2026-02-11T20:39:15.032Z
sensor.tp_link_smart_plug_794f_current_consumption,4.2,2026-02-11T20:39:40.042Z
sensor.tp_link_smart_plug_794f_current_consumption,3.7,2026-02-11T20:39:45.051Z
sensor.tp_link_smart_plug_794f_current_consumption,4.0,2026-02-11T20:39:50.085Z
sensor.tp_link_smart_plug_794f_current_consumption,3.7,2026-02-11T20:39:55.038Z
sensor.tp_link_smart_plug_794f_current_consumption,4.0,2026-02-11T20:40:00.035Z
sensor.tp_link_smart_plug_794f_current_consumption,3.8,2026-02-11T20:40:05.073Z
sensor.tp_link_smart_plug_794f_current_consumption,3.9,2026-02-11T20:40:10.045Z
sensor.tp_link_smart_plug_794f_current_consumption,3.7,2026-02-11T20:40:15.036Z
sensor.tp_link_smart_plug_794f_current_consumption,3.9,2026-02-11T20:40:20.040Z
sensor.tp_link_smart_plug_794f_current_consumption,3.8,2026-02-11T20:40:25.031Z
sensor.tp_link_smart_plug_794f_current_consumption,3.9,2026-02-11T20:40:40.040Z
sensor.tp_link_smart_plug_794f_current_consumption,3.8,2026-02-11T20:40:45.031Z
sensor.tp_link_smart_plug_794f_current_consumption,3.7,2026-02-11T20:40:55.030Z
sensor.tp_link_smart_plug_794f_current_consumption,4.2,2026-02-11T20:41:00.030Z
sensor.tp_link_smart_plug_794f_current_consumption,3.7,2026-02-11T20:41:05.037Z
sensor.tp_link_smart_plug_794f_current_consumption,3.8,2026-02-11T20:41:10.031Z
sensor.tp_link_smart_plug_794f_current_consumption,3.7,2026-02-11T20:41:15.032Z
sensor.tp_link_smart_plug_794f_current_consumption,3.8,2026-02-11T20:41:20.574Z
sensor.tp_link_smart_plug_794f_current_consumption,4.5,2026-02-11T20:41:26.307Z
sensor.tp_link_smart_plug_794f_current_consumption,4.3,2026-02-11T20:41:31.041Z
sensor.tp_link_smart_plug_794f_current_consumption,3.7,2026-02-11T20:41:36.031Z
sensor.tp_link_smart_plug_794f_current_consumption,4.1,2026-02-11T20:41:51.042Z
sensor.tp_link_smart_plug_794f_current_consumption,3.8,2026-02-11T20:41:56.056Z
sensor.tp_link_smart_plug_794f_current_consumption,3.7,2026-02-11T20:42:01.039Z
sensor.tp_link_smart_plug_794f_current_consumption,3.6,2026-02-11T20:42:51.086Z
sensor.tp_link_smart_plug_794f_current_consumption,3.7,2026-02-11T20:43:01.064Z
sensor.tp_link_smart_plug_794f_current_consumption,3.8,2026-02-11T20:43:06.034Z
sensor.tp_link_smart_plug_794f_current_consumption,3.7,2026-02-11T20:43:11.033Z
sensor.tp_link_smart_plug_794f_current_consumption,4.0,2026-02-11T20:43:21.042Z
sensor.tp_link_smart_plug_794f_current_consumption,3.9,2026-02-11T20:43:26.046Z
sensor.tp_link_smart_plug_794f_current_consumption,4.3,2026-02-11T20:43:31.032Z
sensor.tp_link_smart_plug_794f_current_consumption,3.8,2026-02-11T20:43:36.033Z
sensor.tp_link_smart_plug_794f_current_consumption,3.7,2026-02-11T20:43:41.084Z
sensor.tp_link_smart_plug_794f_current_consumption,4.1,2026-02-11T20:44:16.032Z
sensor.tp_link_smart_plug_794f_current_consumption,3.8,2026-02-11T20:44:21.037Z
sensor.tp_link_smart_plug_794f_current_consumption,3.7,2026-02-11T20:44:26.038Z
sensor.tp_link_smart_plug_794f_current_consumption,3.8,2026-02-11T20:44:31.034Z
sensor.tp_link_smart_plug_794f_current_consumption,3.7,2026-02-11T20:44:36.039Z
sensor.tp_link_smart_plug_794f_current_consumption,4.3,2026-02-11T20:44:41.041Z
sensor.tp_link_smart_plug_794f_current_consumption,3.7,2026-02-11T20:44:46.060Z
sensor.tp_link_smart_plug_794f_current_consumption,4.5,2026-02-11T20:45:01.088Z
sensor.tp_link_smart_plug_794f_current_consumption,3.8,2026-02-11T20:45:11.031Z
sensor.tp_link_smart_plug_794f_current_consumption,3.7,2026-02-11T20:45:21.057Z
sensor.tp_link_smart_plug_794f_current_consumption,4.0,2026-02-11T20:45:26.032Z
sensor.tp_link_smart_plug_794f_current_consumption,3.6,2026-02-11T20:45:31.032Z
sensor.tp_link_smart_plug_794f_current_consumption,3.8,2026-02-11T20:45:36.044Z
sensor.tp_link_smart_plug_794f_current_consumption,3.6,2026-02-11T20:45:46.053Z
sensor.tp_link_smart_plug_794f_current_consumption,3.7,2026-02-11T20:45:56.031Z
sensor.tp_link_smart_plug_794f_current_consumption,3.6,2026-02-11T20:46:11.034Z
sensor.tp_link_smart_plug_794f_current_consumption,3.7,2026-02-11T20:46:16.038Z
sensor.tp_link_smart_plug_794f_current_consumption,3.6,2026-02-11T20:46:21.049Z
sensor.tp_link_smart_plug_794f_current_consumption,3.8,2026-02-11T20:46:26.032Z
sensor.tp_link_smart_plug_794f_current_consumption,3.6,2026-02-11T20:46:31.040Z
sensor.tp_link_smart_plug_794f_current_consumption,3.8,2026-02-11T20:46:37.025Z
sensor.tp_link_smart_plug_794f_current_consumption,3.9,2026-02-11T20:46:42.052Z
sensor.tp_link_smart_plug_794f_current_consumption,3.7,2026-02-11T20:46:47.031Z
sensor.tp_link_smart_plug_794f_current_consumption,3.9,2026-02-11T20:47:02.032Z
sensor.tp_link_smart_plug_794f_current_consumption,4.0,2026-02-11T20:47:07.033Z
sensor.tp_link_smart_plug_794f_current_consumption,4.1,2026-02-11T20:47:12.048Z
sensor.tp_link_smart_plug_794f_current_consumption,3.7,2026-02-11T20:47:17.032Z
sensor.tp_link_smart_plug_794f_current_consumption,3.8,2026-02-11T20:47:22.034Z
sensor.tp_link_smart_plug_794f_current_consumption,3.7,2026-02-11T20:47:27.037Z
sensor.tp_link_smart_plug_794f_current_consumption,3.6,2026-02-11T20:47:37.032Z
sensor.tp_link_smart_plug_794f_current_consumption,3.7,2026-02-11T20:47:42.034Z
sensor.tp_link_smart_plug_794f_current_consumption,3.6,2026-02-11T20:47:57.036Z
sensor.tp_link_smart_plug_794f_current_consumption,3.7,2026-02-11T20:48:02.039Z
sensor.tp_link_smart_plug_794f_current_consumption,3.8,2026-02-11T20:48:07.041Z
sensor.tp_link_smart_plug_794f_current_consumption,3.6,2026-02-11T20:48:17.033Z
sensor.tp_link_smart_plug_794f_current_consumption,3.7,2026-02-11T20:48:22.035Z
sensor.tp_link_smart_plug_794f_current_consumption,3.9,2026-02-11T20:48:37.036Z
sensor.tp_link_smart_plug_794f_current_consumption,3.7,2026-02-11T20:48:42.040Z
sensor.tp_link_smart_plug_794f_current_consumption,3.8,2026-02-11T20:48:47.031Z
sensor.tp_link_smart_plug_794f_current_consumption,3.7,2026-02-11T20:48:52.038Z
sensor.tp_link_smart_plug_794f_current_consumption,3.6,2026-02-11T20:48:57.040Z
sensor.tp_link_smart_plug_794f_current_consumption,3.8,2026-02-11T20:49:02.031Z
sensor.tp_link_smart_plug_794f_current_consumption,3.7,2026-02-11T20:49:07.036Z
sensor.tp_link_smart_plug_794f_current_consumption,3.8,2026-02-11T20:49:12.040Z
sensor.tp_link_smart_plug_794f_current_consumption,3.6,2026-02-11T20:49:17.031Z
sensor.tp_link_smart_plug_794f_current_consumption,3.8,2026-02-11T20:49:22.049Z
sensor.tp_link_smart_plug_794f_current_consumption,4.2,2026-02-11T20:49:27.034Z
sensor.tp_link_smart_plug_794f_current_consumption,3.7,2026-02-11T20:49:32.036Z
sensor.tp_link_smart_plug_794f_current_consumption,3.6,2026-02-11T20:49:42.033Z
sensor.tp_link_smart_plug_794f_current_consumption,3.7,2026-02-11T20:49:47.038Z
sensor.tp_link_smart_plug_794f_current_consumption,3.9,2026-02-11T20:49:57.031Z
sensor.tp_link_smart_plug_794f_current_consumption,3.7,2026-02-11T20:50:02.032Z
sensor.tp_link_smart_plug_794f_current_consumption,3.8,2026-02-11T20:50:17.031Z
sensor.tp_link_smart_plug_794f_current_consumption,4.0,2026-02-11T20:50:22.033Z
sensor.tp_link_smart_plug_794f_current_consumption,3.8,2026-02-11T20:50:27.033Z
sensor.tp_link_smart_plug_794f_current_consumption,3.6,2026-02-11T20:50:32.041Z
sensor.tp_link_smart_plug_794f_current_consumption,3.7,2026-02-11T20:50:37.039Z
sensor.tp_link_smart_plug_794f_current_consumption,3.6,2026-02-11T20:50:42.034Z
sensor.tp_link_smart_plug_794f_current_consumption,3.7,2026-02-11T20:50:47.040Z
sensor.tp_link_smart_plug_794f_current_consumption,3.8,2026-02-11T20:50:52.039Z
sensor.tp_link_smart_plug_794f_current_consumption,3.7,2026-02-11T20:50:57.030Z
sensor.tp_link_smart_plug_794f_current_consumption,4.0,2026-02-11T20:51:12.036Z
sensor.tp_link_smart_plug_794f_current_consumption,3.6,2026-02-11T20:51:17.037Z
sensor.tp_link_smart_plug_794f_current_consumption,3.7,2026-02-11T20:51:22.060Z
sensor.tp_link_smart_plug_794f_current_consumption,3.9,2026-02-11T20:51:27.031Z
sensor.tp_link_smart_plug_794f_current_consumption,3.8,2026-02-11T20:51:32.052Z
sensor.tp_link_smart_plug_794f_current_consumption,3.7,2026-02-11T20:51:37.040Z
sensor.tp_link_smart_plug_794f_current_consumption,3.9,2026-02-11T20:51:47.031Z
sensor.tp_link_smart_plug_794f_current_consumption,3.7,2026-02-11T20:51:52.031Z
sensor.tp_link_smart_plug_794f_current_consumption,3.8,2026-02-11T20:51:57.030Z
sensor.tp_link_smart_plug_794f_current_consumption,3.7,2026-02-11T20:52:02.032Z
sensor.tp_link_smart_plug_794f_current_consumption,3.9,2026-02-11T20:52:12.033Z
sensor.tp_link_smart_plug_794f_current_consumption,3.7,2026-02-11T20:52:17.441Z
sensor.tp_link_smart_plug_794f_current_consumption,3.8,2026-02-11T20:52:22.032Z
sensor.tp_link_smart_plug_794f_current_consumption,3.6,2026-02-11T20:52:27.034Z
sensor.tp_link_smart_plug_794f_current_consumption,3.7,2026-02-11T20:52:32.080Z
sensor.tp_link_smart_plug_794f_current_consumption,3.8,2026-02-11T20:52:37.035Z
sensor.tp_link_smart_plug_794f_current_consumption,3.6,2026-02-11T20:52:42.031Z
sensor.tp_link_smart_plug_794f_current_consumption,3.9,2026-02-11T20:52:52.153Z
sensor.tp_link_smart_plug_794f_current_consumption,3.6,2026-02-11T20:52:57.034Z
sensor.tp_link_smart_plug_794f_current_consumption,3.7,2026-02-11T20:53:02.039Z
sensor.tp_link_smart_plug_794f_current_consumption,3.8,2026-02-11T20:53:07.057Z
sensor.tp_link_smart_plug_794f_current_consumption,3.7,2026-02-11T20:53:12.037Z
sensor.tp_link_smart_plug_794f_current_consumption,3.9,2026-02-11T20:53:17.056Z
sensor.tp_link_smart_plug_794f_current_consumption,3.7,2026-02-11T20:53:22.052Z
sensor.tp_link_smart_plug_794f_current_consumption,3.6,2026-02-11T20:53:27.047Z
sensor.tp_link_smart_plug_794f_current_consumption,3.9,2026-02-11T20:53:42.039Z
sensor.tp_link_smart_plug_794f_current_consumption,3.7,2026-02-11T20:53:47.047Z
sensor.tp_link_smart_plug_794f_current_consumption,3.6,2026-02-11T20:53:57.043Z
sensor.tp_link_smart_plug_794f_current_consumption,3.9,2026-02-11T20:54:02.037Z
sensor.tp_link_smart_plug_794f_current_consumption,3.6,2026-02-11T20:54:07.031Z
sensor.tp_link_smart_plug_794f_current_consumption,3.8,2026-02-11T20:54:12.040Z
sensor.tp_link_smart_plug_794f_current_consumption,3.7,2026-02-11T20:54:17.047Z
sensor.tp_link_smart_plug_794f_current_consumption,3.6,2026-02-11T20:54:27.104Z
sensor.tp_link_smart_plug_794f_current_consumption,3.7,2026-02-11T20:54:37.031Z
sensor.tp_link_smart_plug_794f_current_consumption,3.9,2026-02-11T20:54:47.044Z
sensor.tp_link_smart_plug_794f_current_consumption,3.7,2026-02-11T20:54:52.088Z
sensor.tp_link_smart_plug_794f_current_consumption,4.3,2026-02-11T20:55:12.049Z
sensor.tp_link_smart_plug_794f_current_consumption,3.8,2026-02-11T20:55:17.072Z
sensor.tp_link_smart_plug_794f_current_consumption,3.7,2026-02-11T20:55:27.033Z
sensor.tp_link_smart_plug_794f_current_consumption,3.9,2026-02-11T20:55:32.030Z
sensor.tp_link_smart_plug_794f_current_consumption,3.8,2026-02-11T20:55:37.107Z
sensor.tp_link_smart_plug_794f_current_consumption,3.7,2026-02-11T20:55:42.039Z
sensor.tp_link_smart_plug_794f_current_consumption,3.6,2026-02-11T20:55:47.031Z
sensor.tp_link_smart_plug_794f_current_consumption,3.7,2026-02-11T20:55:52.032Z
sensor.tp_link_smart_plug_794f_current_consumption,3.8,2026-02-11T20:56:07.144Z
sensor.tp_link_smart_plug_794f_current_consumption,4.2,2026-02-11T20:56:12.058Z
sensor.tp_link_smart_plug_794f_current_consumption,3.7,2026-02-11T20:56:17.053Z
sensor.tp_link_smart_plug_794f_current_consumption,3.8,2026-02-11T20:56:22.389Z
sensor.tp_link_smart_plug_794f_current_consumption,3.7,2026-02-11T20:56:27.039Z
sensor.tp_link_smart_plug_794f_current_consumption,3.6,2026-02-11T20:56:37.043Z
sensor.tp_link_smart_plug_794f_current_consumption,3.7,2026-02-11T20:56:47.031Z
sensor.tp_link_smart_plug_794f_current_consumption,3.8,2026-02-11T20:57:02.031Z
sensor.tp_link_smart_plug_794f_current_consumption,3.6,2026-02-11T20:57:07.044Z
sensor.tp_link_smart_plug_794f_current_consumption,3.7,2026-02-11T20:57:12.043Z
sensor.tp_link_smart_plug_794f_current_consumption,3.8,2026-02-11T20:57:17.040Z
sensor.tp_link_smart_plug_794f_current_consumption,3.7,2026-02-11T20:57:22.031Z
sensor.tp_link_smart_plug_794f_current_consumption,3.9,2026-02-11T20:57:27.032Z
sensor.tp_link_smart_plug_794f_current_consumption,3.7,2026-02-11T20:57:32.032Z
sensor.tp_link_smart_plug_794f_current_consumption,3.8,2026-02-11T20:57:42.030Z
sensor.tp_link_smart_plug_794f_current_consumption,3.7,2026-02-11T20:57:47.034Z
sensor.tp_link_smart_plug_794f_current_consumption,3.6,2026-02-11T20:57:52.041Z
sensor.tp_link_smart_plug_794f_current_consumption,3.7,2026-02-11T20:57:57.033Z
sensor.tp_link_smart_plug_794f_current_consumption,3.6,2026-02-11T20:58:17.075Z
sensor.tp_link_smart_plug_794f_current_consumption,3.8,2026-02-11T20:58:22.042Z
sensor.tp_link_smart_plug_794f_current_consumption,3.7,2026-02-11T20:58:32.032Z
sensor.tp_link_smart_plug_794f_current_consumption,3.8,2026-02-11T20:58:37.037Z
sensor.tp_link_smart_plug_794f_current_consumption,3.7,2026-02-11T20:58:47.034Z
sensor.tp_link_smart_plug_794f_current_consumption,4.2,2026-02-11T20:59:02.037Z
sensor.tp_link_smart_plug_794f_current_consumption,3.8,2026-02-11T20:59:07.039Z
sensor.tp_link_smart_plug_794f_current_consumption,4.2,2026-02-11T20:59:12.041Z
sensor.tp_link_smart_plug_794f_current_consumption,3.8,2026-02-11T20:59:17.040Z
sensor.tp_link_smart_plug_794f_current_consumption,3.7,2026-02-11T20:59:27.066Z
sensor.tp_link_smart_plug_794f_current_consumption,3.6,2026-02-11T20:59:32.042Z
sensor.tp_link_smart_plug_794f_current_consumption,3.7,2026-02-11T20:59:47.041Z
sensor.tp_link_smart_plug_794f_current_consumption,3.6,2026-02-11T21:00:07.044Z
sensor.tp_link_smart_plug_794f_current_consumption,3.7,2026-02-11T21:00:12.032Z
sensor.tp_link_smart_plug_794f_current_consumption,3.6,2026-02-11T21:00:17.030Z
sensor.tp_link_smart_plug_794f_current_consumption,3.7,2026-02-11T21:00:22.031Z
sensor.tp_link_smart_plug_794f_current_consumption,3.6,2026-02-11T21:00:27.031Z
sensor.tp_link_smart_plug_794f_current_consumption,3.7,2026-02-11T21:00:32.031Z
sensor.tp_link_smart_plug_794f_current_consumption,4.2,2026-02-11T21:00:37.489Z
sensor.tp_link_smart_plug_794f_current_consumption,3.8,2026-02-11T21:00:42.030Z
sensor.tp_link_smart_plug_794f_current_consumption,3.7,2026-02-11T21:00:47.033Z
sensor.tp_link_smart_plug_794f_current_consumption,3.9,2026-02-11T21:00:52.037Z
sensor.tp_link_smart_plug_794f_current_consumption,3.6,2026-02-11T21:00:57.031Z
sensor.tp_link_smart_plug_794f_current_consumption,3.9,2026-02-11T21:01:02.035Z
sensor.tp_link_smart_plug_794f_current_consumption,3.8,2026-02-11T21:01:07.031Z
sensor.tp_link_smart_plug_794f_current_consumption,3.9,2026-02-11T21:01:12.032Z
sensor.tp_link_smart_plug_794f_current_consumption,3.7,2026-02-11T21:01:17.035Z
sensor.tp_link_smart_plug_794f_current_consumption,4.0,2026-02-11T21:01:22.031Z
sensor.tp_link_smart_plug_794f_current_consumption,3.6,2026-02-11T21:01:27.036Z
sensor.tp_link_smart_plug_794f_current_consumption,4.2,2026-02-11T21:01:32.043Z
sensor.tp_link_smart_plug_794f_current_consumption,3.7,2026-02-11T21:01:37.047Z
sensor.tp_link_smart_plug_794f_current_consumption,4.1,2026-02-11T21:01:42.049Z
sensor.tp_link_smart_plug_794f_current_consumption,3.8,2026-02-11T21:01:47.038Z
sensor.tp_link_smart_plug_794f_current_consumption,3.9,2026-02-11T21:01:52.061Z
sensor.tp_link_smart_plug_794f_current_consumption,3.7,2026-02-11T21:01:57.048Z
sensor.tp_link_smart_plug_794f_current_consumption,3.8,2026-02-11T21:02:02.042Z
sensor.tp_link_smart_plug_794f_current_consumption,3.9,2026-02-11T21:02:12.041Z
sensor.tp_link_smart_plug_794f_current_consumption,4.5,2026-02-11T21:02:17.038Z
sensor.tp_link_smart_plug_794f_current_consumption,3.8,2026-02-11T21:02:22.032Z
sensor.tp_link_smart_plug_794f_current_consumption,3.7,2026-02-11T21:02:27.044Z
sensor.tp_link_smart_plug_794f_current_consumption,3.8,2026-02-11T21:02:32.031Z
sensor.tp_link_smart_plug_794f_current_consumption,3.7,2026-02-11T21:02:37.032Z
sensor.tp_link_smart_plug_794f_current_consumption,3.9,2026-02-11T21:02:42.140Z
sensor.tp_link_smart_plug_794f_current_consumption,3.7,2026-02-11T21:02:47.031Z
sensor.tp_link_smart_plug_794f_current_consumption,3.9,2026-02-11T21:02:52.063Z
sensor.tp_link_smart_plug_794f_current_consumption,3.7,2026-02-11T21:02:57.032Z
sensor.tp_link_smart_plug_794f_current_consumption,3.8,2026-02-11T21:03:02.030Z
sensor.tp_link_smart_plug_794f_current_consumption,3.6,2026-02-11T21:03:07.030Z
sensor.tp_link_smart_plug_794f_current_consumption,3.8,2026-02-11T21:03:12.033Z
sensor.tp_link_smart_plug_794f_current_consumption,3.7,2026-02-11T21:03:17.048Z
sensor.tp_link_smart_plug_794f_current_consumption,3.8,2026-02-11T21:03:22.043Z
sensor.tp_link_smart_plug_794f_current_consumption,3.9,2026-02-11T21:03:27.032Z
sensor.tp_link_smart_plug_794f_current_consumption,3.7,2026-02-11T21:03:37.042Z
sensor.tp_link_smart_plug_794f_current_consumption,3.8,2026-02-11T21:03:42.047Z
sensor.tp_link_smart_plug_794f_current_consumption,3.7,2026-02-11T21:03:47.031Z
sensor.tp_link_smart_plug_794f_current_consumption,4.3,2026-02-11T21:03:52.032Z
sensor.tp_link_smart_plug_794f_current_consumption,3.7,2026-02-11T21:03:57.037Z
sensor.tp_link_smart_plug_794f_current_consumption,3.9,2026-02-11T21:04:02.030Z
sensor.tp_link_smart_plug_794f_current_consumption,3.7,2026-02-11T21:04:07.052Z
sensor.tp_link_smart_plug_794f_current_consumption,3.9,2026-02-11T21:04:12.038Z
sensor.tp_link_smart_plug_794f_current_consumption,3.8,2026-02-11T21:04:17.034Z
sensor.tp_link_smart_plug_794f_current_consumption,3.7,2026-02-11T21:04:27.038Z
sensor.tp_link_smart_plug_794f_current_consumption,3.8,2026-02-11T21:04:32.032Z
sensor.tp_link_smart_plug_794f_current_consumption,3.7,2026-02-11T21:04:37.038Z
sensor.tp_link_smart_plug_794f_current_consumption,3.9,2026-02-11T21:04:42.037Z
sensor.tp_link_smart_plug_794f_current_consumption,3.7,2026-02-11T21:04:47.032Z
sensor.tp_link_smart_plug_794f_current_consumption,3.9,2026-02-11T21:04:52.041Z
sensor.tp_link_smart_plug_794f_current_consumption,3.6,2026-02-11T21:04:57.033Z
sensor.tp_link_smart_plug_794f_current_consumption,3.9,2026-02-11T21:05:02.038Z
sensor.tp_link_smart_plug_794f_current_consumption,3.8,2026-02-11T21:05:07.051Z
sensor.tp_link_smart_plug_794f_current_consumption,3.9,2026-02-11T21:05:12.042Z
sensor.tp_link_smart_plug_794f_current_consumption,3.7,2026-02-11T21:05:17.037Z
sensor.tp_link_smart_plug_794f_current_consumption,4.0,2026-02-11T21:05:22.042Z
sensor.tp_link_smart_plug_794f_current_consumption,3.7,2026-02-11T21:05:27.031Z
sensor.tp_link_smart_plug_794f_current_consumption,3.9,2026-02-11T21:05:32.069Z
sensor.tp_link_smart_plug_794f_current_consumption,3.6,2026-02-11T21:05:37.031Z
sensor.tp_link_smart_plug_794f_current_consumption,3.9,2026-02-11T21:05:42.031Z
sensor.tp_link_smart_plug_794f_current_consumption,3.7,2026-02-11T21:05:47.032Z
sensor.tp_link_smart_plug_794f_current_consumption,3.8,2026-02-11T21:05:52.082Z
sensor.tp_link_smart_plug_794f_current_consumption,3.7,2026-02-11T21:05:57.049Z
sensor.tp_link_smart_plug_794f_current_consumption,4.0,2026-02-11T21:06:02.032Z
sensor.tp_link_smart_plug_794f_current_consumption,3.6,2026-02-11T21:06:07.035Z
sensor.tp_link_smart_plug_794f_current_consumption,3.9,2026-02-11T21:06:12.130Z
sensor.tp_link_smart_plug_794f_current_consumption,3.7,2026-02-11T21:06:17.033Z
sensor.tp_link_smart_plug_794f_current_consumption,4.0,2026-02-11T21:06:22.034Z
sensor.tp_link_smart_plug_794f_current_consumption,3.6,2026-02-11T21:06:27.032Z
sensor.tp_link_smart_plug_794f_current_consumption,3.9,2026-02-11T21:06:32.044Z
sensor.tp_link_smart_plug_794f_current_consumption,3.8,2026-02-11T21:06:37.068Z
sensor.tp_link_smart_plug_794f_current_consumption,4.1,2026-02-11T21:06:42.168Z
sensor.tp_link_smart_plug_794f_current_consumption,3.7,2026-02-11T21:06:47.042Z
sensor.tp_link_smart_plug_794f_current_consumption,4.0,2026-02-11T21:06:52.054Z
sensor.tp_link_smart_plug_794f_current_consumption,3.7,2026-02-11T21:06:57.033Z
sensor.tp_link_smart_plug_794f_current_consumption,3.9,2026-02-11T21:07:02.053Z
sensor.tp_link_smart_plug_794f_current_consumption,3.8,2026-02-11T21:07:12.031Z
sensor.tp_link_smart_plug_794f_current_consumption,3.7,2026-02-11T21:07:17.052Z
sensor.tp_link_smart_plug_794f_current_consumption,3.9,2026-02-11T21:07:22.030Z
sensor.tp_link_smart_plug_794f_current_consumption,3.7,2026-02-11T21:07:27.035Z
sensor.tp_link_smart_plug_794f_current_consumption,3.9,2026-02-11T21:07:32.040Z
sensor.tp_link_smart_plug_794f_current_consumption,3.8,2026-02-11T21:07:37.031Z
sensor.tp_link_smart_plug_794f_current_consumption,3.9,2026-02-11T21:07:42.033Z
sensor.tp_link_smart_plug_794f_current_consumption,3.6,2026-02-11T21:07:47.035Z
sensor.tp_link_smart_plug_794f_current_consumption,3.8,2026-02-11T21:07:52.045Z
sensor.tp_link_smart_plug_794f_current_consumption,3.7,2026-02-11T21:07:57.032Z
sensor.tp_link_smart_plug_794f_current_consumption,3.8,2026-02-11T21:08:02.035Z
sensor.tp_link_smart_plug_794f_current_consumption,3.7,2026-02-11T21:08:07.030Z
sensor.tp_link_smart_plug_794f_current_consumption,3.9,2026-02-11T21:08:12.034Z
sensor.tp_link_smart_plug_794f_current_consumption,3.8,2026-02-11T21:08:17.051Z
sensor.tp_link_smart_plug_794f_current_consumption,4.2,2026-02-11T21:08:22.052Z
sensor.tp_link_smart_plug_794f_current_consumption,3.8,2026-02-11T21:08:27.034Z
sensor.tp_link_smart_plug_794f_current_consumption,3.6,2026-02-11T21:08:37.049Z
sensor.tp_link_smart_plug_794f_current_consumption,3.8,2026-02-11T21:08:42.030Z
sensor.tp_link_smart_plug_794f_current_consumption,3.6,2026-02-11T21:08:47.034Z
sensor.tp_link_smart_plug_794f_current_consumption,3.8,2026-02-11T21:08:52.077Z
sensor.tp_link_smart_plug_794f_current_consumption,3.7,2026-02-11T21:08:57.033Z
sensor.tp_link_smart_plug_794f_current_consumption,3.9,2026-02-11T21:09:02.041Z
sensor.tp_link_smart_plug_794f_current_consumption,3.7,2026-02-11T21:09:07.031Z
sensor.tp_link_smart_plug_794f_current_consumption,3.9,2026-02-11T21:09:12.034Z
sensor.tp_link_smart_plug_794f_current_consumption,3.7,2026-02-11T21:09:17.036Z
sensor.tp_link_smart_plug_794f_current_consumption,3.8,2026-02-11T21:09:27.042Z
sensor.tp_link_smart_plug_794f_current_consumption,3.7,2026-02-11T21:09:37.135Z
sensor.tp_link_smart_plug_794f_current_consumption,3.9,2026-02-11T21:09:42.038Z
sensor.tp_link_smart_plug_794f_current_consumption,3.7,2026-02-11T21:09:47.041Z
sensor.tp_link_smart_plug_794f_current_consumption,3.8,2026-02-11T21:09:52.031Z
sensor.tp_link_smart_plug_794f_current_consumption,3.9,2026-02-11T21:09:57.040Z
sensor.tp_link_smart_plug_794f_current_consumption,3.8,2026-02-11T21:10:02.044Z
sensor.tp_link_smart_plug_794f_current_consumption,3.7,2026-02-11T21:10:07.047Z
sensor.tp_link_smart_plug_794f_current_consumption,3.8,2026-02-11T21:10:22.044Z
sensor.tp_link_smart_plug_794f_current_consumption,3.7,2026-02-11T21:10:27.032Z
sensor.tp_link_smart_plug_794f_current_consumption,3.9,2026-02-11T21:10:32.053Z
sensor.tp_link_smart_plug_794f_current_consumption,3.7,2026-02-11T21:10:37.034Z
sensor.tp_link_smart_plug_794f_current_consumption,3.8,2026-02-11T21:10:52.031Z
sensor.tp_link_smart_plug_794f_current_consumption,3.7,2026-02-11T21:11:02.030Z
sensor.tp_link_smart_plug_794f_current_consumption,4.0,2026-02-11T21:11:07.032Z
sensor.tp_link_smart_plug_794f_current_consumption,3.8,2026-02-11T21:11:12.033Z
sensor.tp_link_smart_plug_794f_current_consumption,4.2,2026-02-11T21:11:17.030Z
sensor.tp_link_smart_plug_794f_current_consumption,3.8,2026-02-11T21:11:22.047Z
sensor.tp_link_smart_plug_794f_current_consumption,3.7,2026-02-11T21:11:32.030Z
sensor.tp_link_smart_plug_794f_current_consumption,3.6,2026-02-11T21:11:37.032Z
sensor.tp_link_smart_plug_794f_current_consumption,4.1,2026-02-11T21:11:42.036Z
sensor.tp_link_smart_plug_794f_current_consumption,3.7,2026-02-11T21:11:47.052Z
sensor.tp_link_smart_plug_794f_current_consumption,3.6,2026-02-11T21:11:52.047Z
sensor.tp_link_smart_plug_794f_current_consumption,3.7,2026-02-11T21:11:57.045Z
sensor.tp_link_smart_plug_794f_current_consumption,3.8,2026-02-11T21:12:02.040Z
sensor.tp_link_smart_plug_794f_current_consumption,3.6,2026-02-11T21:12:07.045Z
sensor.tp_link_smart_plug_794f_current_consumption,3.8,2026-02-11T21:12:27.041Z
sensor.tp_link_smart_plug_794f_current_consumption,3.7,2026-02-11T21:12:32.030Z
sensor.tp_link_smart_plug_794f_current_consumption,3.8,2026-02-11T21:12:47.032Z
sensor.tp_link_smart_plug_794f_current_consumption,3.7,2026-02-11T21:12:52.040Z
sensor.tp_link_smart_plug_794f_current_consumption,3.6,2026-02-11T21:12:57.041Z
sensor.tp_link_smart_plug_794f_current_consumption,3.8,2026-02-11T21:13:02.039Z
sensor.tp_link_smart_plug_794f_current_consumption,3.6,2026-02-11T21:13:12.035Z
sensor.tp_link_smart_plug_794f_current_consumption,3.8,2026-02-11T21:13:17.039Z
sensor.tp_link_smart_plug_794f_current_consumption,3.7,2026-02-11T21:13:22.065Z
sensor.tp_link_smart_plug_794f_current_consumption,4.1,2026-02-11T21:13:27.034Z
sensor.tp_link_smart_plug_794f_current_consumption,3.7,2026-02-11T21:13:32.042Z
sensor.tp_link_smart_plug_794f_current_consumption,3.8,2026-02-11T21:13:57.033Z
sensor.tp_link_smart_plug_794f_current_consumption,3.7,2026-02-11T21:14:02.034Z
sensor.tp_link_smart_plug_794f_current_consumption,3.6,2026-02-11T21:14:12.040Z
sensor.tp_link_smart_plug_794f_current_consumption,3.7,2026-02-11T21:14:17.033Z
sensor.tp_link_smart_plug_794f_current_consumption,3.6,2026-02-11T21:14:22.036Z
sensor.tp_link_smart_plug_794f_current_consumption,3.7,2026-02-11T21:14:32.079Z
sensor.tp_link_smart_plug_794f_current_consumption,4.0,2026-02-11T21:14:42.030Z
sensor.tp_link_smart_plug_794f_current_consumption,3.7,2026-02-11T21:14:47.037Z
sensor.tp_link_smart_plug_794f_current_consumption,3.6,2026-02-11T21:14:57.035Z
sensor.tp_link_smart_plug_794f_current_consumption,3.9,2026-02-11T21:15:02.041Z
sensor.tp_link_smart_plug_794f_current_consumption,3.7,2026-02-11T21:15:07.051Z
sensor.tp_link_smart_plug_794f_current_consumption,3.6,2026-02-11T21:15:17.039Z
sensor.tp_link_smart_plug_794f_current_consumption,3.8,2026-02-11T21:15:22.057Z
sensor.tp_link_smart_plug_794f_current_consumption,3.7,2026-02-11T21:15:32.054Z
sensor.tp_link_smart_plug_794f_current_consumption,3.8,2026-02-11T21:15:42.033Z
sensor.tp_link_smart_plug_794f_current_consumption,3.7,2026-02-11T21:15:47.031Z
sensor.tp_link_smart_plug_794f_current_consumption,3.6,2026-02-11T21:15:52.031Z
sensor.tp_link_smart_plug_794f_current_consumption,3.7,2026-02-11T21:15:57.032Z
sensor.tp_link_smart_plug_794f_current_consumption,3.8,2026-02-11T21:16:02.032Z
sensor.tp_link_smart_plug_794f_current_consumption,3.7,2026-02-11T21:16:07.034Z
sensor.tp_link_smart_plug_794f_current_consumption,3.6,2026-02-11T21:16:27.031Z
sensor.tp_link_smart_plug_794f_current_consumption,3.7,2026-02-11T21:16:32.032Z
sensor.tp_link_smart_plug_794f_current_consumption,3.6,2026-02-11T21:16:37.031Z
sensor.tp_link_smart_plug_794f_current_consumption,4.0,2026-02-11T21:16:42.036Z
sensor.tp_link_smart_plug_794f_current_consumption,3.9,2026-02-11T21:16:47.050Z
sensor.tp_link_smart_plug_794f_current_consumption,3.7,2026-02-11T21:16:52.031Z
sensor.tp_link_smart_plug_794f_current_consumption,4.1,2026-02-11T21:16:57.035Z
sensor.tp_link_smart_plug_794f_current_consumption,3.7,2026-02-11T21:17:02.043Z
sensor.tp_link_smart_plug_794f_current_consumption,3.6,2026-02-11T21:17:07.054Z
sensor.tp_link_smart_plug_794f_current_consumption,3.9,2026-02-11T21:17:17.037Z
sensor.tp_link_smart_plug_794f_current_consumption,3.8,2026-02-11T21:17:22.031Z
sensor.tp_link_smart_plug_794f_current_consumption,3.7,2026-02-11T21:17:32.030Z
sensor.tp_link_smart_plug_794f_current_consumption,3.6,2026-02-11T21:17:42.040Z
sensor.tp_link_smart_plug_794f_current_consumption,3.7,2026-02-11T21:17:52.030Z
sensor.tp_link_smart_plug_794f_current_consumption,3.8,2026-02-11T21:17:57.039Z
sensor.tp_link_smart_plug_794f_current_consumption,3.7,2026-02-11T21:18:02.031Z
sensor.tp_link_smart_plug_794f_current_consumption,3.6,2026-02-11T21:18:12.030Z
sensor.tp_link_smart_plug_794f_current_consumption,3.9,2026-02-11T21:18:17.041Z
sensor.tp_link_smart_plug_794f_current_consumption,3.8,2026-02-11T21:18:22.031Z
sensor.tp_link_smart_plug_794f_current_consumption,3.7,2026-02-11T21:18:27.044Z
sensor.tp_link_smart_plug_794f_current_consumption,3.9,2026-02-11T21:18:32.049Z
sensor.tp_link_smart_plug_794f_current_consumption,3.7,2026-02-11T21:18:37.046Z
sensor.tp_link_smart_plug_794f_current_consumption,3.6,2026-02-11T21:19:02.057Z
sensor.tp_link_smart_plug_794f_current_consumption,3.8,2026-02-11T21:19:07.032Z
sensor.tp_link_smart_plug_794f_current_consumption,3.7,2026-02-11T21:19:12.036Z
sensor.tp_link_smart_plug_794f_current_consumption,3.8,2026-02-11T21:19:17.031Z
sensor.tp_link_smart_plug_794f_current_consumption,3.9,2026-02-11T21:19:27.041Z
sensor.tp_link_smart_plug_794f_current_consumption,3.7,2026-02-11T21:19:32.031Z
sensor.tp_link_smart_plug_794f_current_consumption,3.8,2026-02-11T21:19:37.096Z
sensor.tp_link_smart_plug_794f_current_consumption,3.7,2026-02-11T21:19:42.037Z
sensor.tp_link_smart_plug_794f_current_consumption,4.0,2026-02-11T21:19:47.053Z
sensor.tp_link_smart_plug_794f_current_consumption,3.7,2026-02-11T21:19:52.036Z
sensor.tp_link_smart_plug_794f_current_consumption,3.8,2026-02-11T21:19:57.037Z
sensor.tp_link_smart_plug_794f_current_consumption,3.7,2026-02-11T21:20:02.033Z
sensor.tp_link_smart_plug_794f_current_consumption,3.9,2026-02-11T21:20:07.037Z
sensor.tp_link_smart_plug_794f_current_consumption,3.7,2026-02-11T21:20:12.040Z
sensor.tp_link_smart_plug_794f_current_consumption,3.8,2026-02-11T21:20:17.054Z
sensor.tp_link_smart_plug_794f_current_consumption,3.9,2026-02-11T21:20:27.042Z
sensor.tp_link_smart_plug_794f_current_consumption,3.6,2026-02-11T21:20:32.040Z
sensor.tp_link_smart_plug_794f_current_consumption,3.8,2026-02-11T21:20:37.030Z
sensor.tp_link_smart_plug_794f_current_consumption,3.9,2026-02-11T21:20:42.040Z
sensor.tp_link_smart_plug_794f_current_consumption,3.7,2026-02-11T21:20:47.033Z
sensor.tp_link_smart_plug_794f_current_consumption,3.9,2026-02-11T21:20:57.031Z
sensor.tp_link_smart_plug_794f_current_consumption,4.0,2026-02-11T21:21:02.031Z
sensor.tp_link_smart_plug_794f_current_consumption,3.9,2026-02-11T21:21:07.039Z
sensor.tp_link_smart_plug_794f_current_consumption,3.6,2026-02-11T21:21:12.034Z
sensor.tp_link_smart_plug_794f_current_consumption,3.9,2026-02-11T21:21:17.032Z
sensor.tp_link_smart_plug_794f_current_consumption,3.7,2026-02-11T21:21:22.031Z
sensor.tp_link_smart_plug_794f_current_consumption,3.8,2026-02-11T21:21:27.033Z
sensor.tp_link_smart_plug_794f_current_consumption,3.7,2026-02-11T21:21:32.031Z
sensor.tp_link_smart_plug_794f_current_consumption,3.9,2026-02-11T21:21:37.033Z
sensor.tp_link_smart_plug_794f_current_consumption,3.7,2026-02-11T21:21:42.030Z
sensor.tp_link_smart_plug_794f_current_consumption,3.8,2026-02-11T21:21:47.054Z
sensor.tp_link_smart_plug_794f_current_consumption,3.7,2026-02-11T21:21:52.033Z
sensor.tp_link_smart_plug_794f_current_consumption,3.9,2026-02-11T21:21:57.036Z
sensor.tp_link_smart_plug_794f_current_consumption,3.7,2026-02-11T21:22:02.070Z
sensor.tp_link_smart_plug_794f_current_consumption,3.6,2026-02-11T21:22:12.036Z
sensor.tp_link_smart_plug_794f_current_consumption,4.0,2026-02-11T21:22:17.042Z
sensor.tp_link_smart_plug_794f_current_consumption,3.8,2026-02-11T21:22:22.373Z
sensor.tp_link_smart_plug_794f_current_consumption,3.9,2026-02-11T21:22:32.035Z
sensor.tp_link_smart_plug_794f_current_consumption,3.7,2026-02-11T21:22:42.031Z
sensor.tp_link_smart_plug_794f_current_consumption,3.9,2026-02-11T21:22:47.039Z
sensor.tp_link_smart_plug_794f_current_consumption,3.7,2026-02-11T21:22:52.039Z
sensor.tp_link_smart_plug_794f_current_consumption,4.0,2026-02-11T21:22:57.031Z
sensor.tp_link_smart_plug_794f_current_consumption,3.7,2026-02-11T21:23:02.041Z
sensor.tp_link_smart_plug_794f_current_consumption,3.6,2026-02-11T21:23:07.173Z
sensor.tp_link_smart_plug_794f_current_consumption,4.3,2026-02-11T21:23:17.039Z
sensor.tp_link_smart_plug_794f_current_consumption,3.8,2026-02-11T21:23:22.067Z
sensor.tp_link_smart_plug_794f_current_consumption,3.9,2026-02-11T21:23:27.037Z
sensor.tp_link_smart_plug_794f_current_consumption,3.7,2026-02-11T21:23:32.031Z
sensor.tp_link_smart_plug_794f_current_consumption,3.9,2026-02-11T21:23:37.042Z
sensor.tp_link_smart_plug_794f_current_consumption,3.6,2026-02-11T21:23:42.038Z
sensor.tp_link_smart_plug_794f_current_consumption,4.0,2026-02-11T21:23:47.043Z
sensor.tp_link_smart_plug_794f_current_consumption,3.7,2026-02-11T21:23:52.048Z
sensor.tp_link_smart_plug_794f_current_consumption,3.8,2026-02-11T21:23:57.034Z
sensor.tp_link_smart_plug_794f_current_consumption,3.7,2026-02-11T21:24:02.041Z
sensor.tp_link_smart_plug_794f_current_consumption,3.8,2026-02-11T21:24:07.049Z
sensor.tp_link_smart_plug_794f_current_consumption,3.7,2026-02-11T21:24:12.031Z
sensor.tp_link_smart_plug_794f_current_consumption,3.8,2026-02-11T21:24:17.033Z
sensor.tp_link_smart_plug_794f_current_consumption,3.7,2026-02-11T21:24:22.030Z
sensor.tp_link_smart_plug_794f_current_consumption,3.8,2026-02-11T21:24:27.071Z
sensor.tp_link_smart_plug_794f_current_consumption,3.6,2026-02-11T21:24:32.044Z
sensor.tp_link_smart_plug_794f_current_consumption,3.9,2026-02-11T21:24:37.031Z
sensor.tp_link_smart_plug_794f_current_consumption,3.7,2026-02-11T21:24:42.036Z
sensor.tp_link_smart_plug_794f_current_consumption,3.9,2026-02-11T21:24:47.044Z
sensor.tp_link_smart_plug_794f_current_consumption,3.6,2026-02-11T21:24:52.032Z
sensor.tp_link_smart_plug_794f_current_consumption,3.8,2026-02-11T21:24:57.034Z
sensor.tp_link_smart_plug_794f_current_consumption,3.7,2026-02-11T21:25:02.038Z
sensor.tp_link_smart_plug_794f_current_consumption,3.8,2026-02-11T21:25:07.031Z
sensor.tp_link_smart_plug_794f_current_consumption,3.6,2026-02-11T21:25:27.038Z
sensor.tp_link_smart_plug_794f_current_consumption,3.7,2026-02-11T21:25:32.041Z
sensor.tp_link_smart_plug_794f_current_consumption,3.6,2026-02-11T21:25:42.041Z
sensor.tp_link_smart_plug_794f_current_consumption,3.8,2026-02-11T21:25:47.044Z
sensor.tp_link_smart_plug_794f_current_consumption,3.7,2026-02-11T21:25:52.032Z
sensor.tp_link_smart_plug_794f_current_consumption,3.8,2026-02-11T21:26:02.030Z
sensor.tp_link_smart_plug_794f_current_consumption,3.7,2026-02-11T21:26:07.035Z
sensor.tp_link_smart_plug_794f_current_consumption,3.8,2026-02-11T21:26:12.046Z
sensor.tp_link_smart_plug_794f_current_consumption,3.7,2026-02-11T21:26:17.030Z
sensor.tp_link_smart_plug_794f_current_consumption,3.8,2026-02-11T21:26:22.030Z
sensor.tp_link_smart_plug_794f_current_consumption,3.7,2026-02-11T21:26:27.032Z
sensor.tp_link_smart_plug_794f_current_consumption,3.8,2026-02-11T21:26:37.032Z
sensor.tp_link_smart_plug_794f_current_consumption,3.7,2026-02-11T21:26:42.032Z
sensor.tp_link_smart_plug_794f_current_consumption,4.4,2026-02-11T21:26:57.034Z
sensor.tp_link_smart_plug_794f_current_consumption,3.8,2026-02-11T21:27:02.032Z
sensor.tp_link_smart_plug_794f_current_consumption,3.7,2026-02-11T21:27:07.039Z
sensor.tp_link_smart_plug_794f_current_consumption,4.3,2026-02-11T21:27:12.085Z
sensor.tp_link_smart_plug_794f_current_consumption,3.7,2026-02-11T21:27:22.049Z
sensor.tp_link_smart_plug_794f_current_consumption,3.8,2026-02-11T21:27:37.045Z
sensor.tp_link_smart_plug_794f_current_consumption,3.7,2026-02-11T21:27:42.041Z
sensor.tp_link_smart_plug_794f_current_consumption,3.6,2026-02-11T21:28:07.041Z
sensor.tp_link_smart_plug_794f_current_consumption,3.8,2026-02-11T21:28:12.039Z
sensor.tp_link_smart_plug_794f_current_consumption,3.7,2026-02-11T21:28:17.031Z
sensor.tp_link_smart_plug_794f_current_consumption,3.9,2026-02-11T21:28:22.039Z
sensor.tp_link_smart_plug_794f_current_consumption,3.7,2026-02-11T21:28:27.039Z
sensor.tp_link_smart_plug_794f_current_consumption,3.8,2026-02-11T21:28:32.037Z
sensor.tp_link_smart_plug_794f_current_consumption,3.6,2026-02-11T21:28:42.030Z
sensor.tp_link_smart_plug_794f_current_consumption,3.7,2026-02-11T21:28:47.031Z
sensor.tp_link_smart_plug_794f_current_consumption,3.8,2026-02-11T21:28:52.033Z
sensor.tp_link_smart_plug_794f_current_consumption,3.7,2026-02-11T21:28:57.042Z
sensor.tp_link_smart_plug_794f_current_consumption,3.9,2026-02-11T21:29:02.042Z
sensor.tp_link_smart_plug_794f_current_consumption,3.8,2026-02-11T21:29:07.032Z
sensor.tp_link_smart_plug_794f_current_consumption,3.7,2026-02-11T21:29:17.041Z
sensor.tp_link_smart_plug_794f_current_consumption,3.8,2026-02-11T21:29:22.046Z
sensor.tp_link_smart_plug_794f_current_consumption,3.9,2026-02-11T21:29:27.051Z
sensor.tp_link_smart_plug_794f_current_consumption,3.8,2026-02-11T21:29:32.031Z
sensor.tp_link_smart_plug_794f_current_consumption,3.6,2026-02-11T21:29:37.032Z
sensor.tp_link_smart_plug_794f_current_consumption,3.7,2026-02-11T21:29:47.032Z
sensor.tp_link_smart_plug_794f_current_consumption,3.6,2026-02-11T21:29:57.031Z
sensor.tp_link_smart_plug_794f_current_consumption,3.8,2026-02-11T21:30:02.034Z
sensor.tp_link_smart_plug_794f_current_consumption,3.7,2026-02-11T21:30:07.034Z
sensor.tp_link_smart_plug_794f_current_consumption,3.8,2026-02-11T21:30:12.033Z
sensor.tp_link_smart_plug_794f_current_consumption,3.7,2026-02-11T21:30:17.035Z
sensor.tp_link_smart_plug_794f_current_consumption,3.8,2026-02-11T21:30:27.036Z
sensor.tp_link_smart_plug_794f_current_consumption,3.7,2026-02-11T21:30:32.035Z
sensor.tp_link_smart_plug_794f_current_consumption,4.1,2026-02-11T21:30:52.038Z
sensor.tp_link_smart_plug_794f_current_consumption,3.7,2026-02-11T21:30:57.032Z
sensor.tp_link_smart_plug_794f_current_consumption,3.6,2026-02-11T21:31:07.047Z
sensor.tp_link_smart_plug_794f_current_consumption,3.8,2026-02-11T21:31:12.030Z
sensor.tp_link_smart_plug_794f_current_consumption,3.9,2026-02-11T21:31:22.042Z
sensor.tp_link_smart_plug_794f_current_consumption,3.8,2026-02-11T21:31:27.031Z
sensor.tp_link_smart_plug_794f_current_consumption,3.7,2026-02-11T21:31:32.031Z
sensor.tp_link_smart_plug_794f_current_consumption,3.8,2026-02-11T21:31:42.031Z
sensor.tp_link_smart_plug_794f_current_consumption,3.7,2026-02-11T21:31:52.031Z
sensor.tp_link_smart_plug_794f_current_consumption,3.8,2026-02-11T21:31:57.036Z
sensor.tp_link_smart_plug_794f_current_consumption,3.9,2026-02-11T21:32:07.036Z
sensor.tp_link_smart_plug_794f_current_consumption,3.7,2026-02-11T21:32:17.047Z
sensor.tp_link_smart_plug_794f_current_consumption,3.8,2026-02-11T21:32:22.129Z
sensor.tp_link_smart_plug_794f_current_consumption,3.7,2026-02-11T21:32:32.043Z
sensor.tp_link_smart_plug_794f_current_consumption,3.6,2026-02-11T21:32:37.031Z
sensor.tp_link_smart_plug_794f_current_consumption,3.8,2026-02-11T21:32:42.033Z
sensor.tp_link_smart_plug_794f_current_consumption,3.7,2026-02-11T21:32:47.037Z
sensor.tp_link_smart_plug_794f_current_consumption,3.9,2026-02-11T21:32:52.031Z
sensor.tp_link_smart_plug_794f_current_consumption,3.8,2026-02-11T21:32:57.043Z
sensor.tp_link_smart_plug_794f_current_consumption,3.7,2026-02-11T21:33:07.033Z
sensor.tp_link_smart_plug_794f_current_consumption,3.8,2026-02-11T21:33:12.039Z
sensor.tp_link_smart_plug_794f_current_consumption,3.6,2026-02-11T21:33:17.036Z
sensor.tp_link_smart_plug_794f_current_consumption,4.0,2026-02-11T21:33:22.031Z
sensor.tp_link_smart_plug_794f_current_consumption,3.8,2026-02-11T21:33:27.037Z
sensor.tp_link_smart_plug_794f_current_consumption,3.7,2026-02-11T21:33:32.029Z
sensor.tp_link_smart_plug_794f_current_consumption,4.0,2026-02-11T21:33:42.040Z
sensor.tp_link_smart_plug_794f_current_consumption,3.7,2026-02-11T21:33:47.043Z
sensor.tp_link_smart_plug_794f_current_consumption,3.6,2026-02-11T21:33:52.031Z
sensor.tp_link_smart_plug_794f_current_consumption,3.7,2026-02-11T21:33:57.042Z
sensor.tp_link_smart_plug_794f_current_consumption,3.8,2026-02-11T21:34:22.030Z
sensor.tp_link_smart_plug_794f_current_consumption,3.7,2026-02-11T21:34:27.032Z
sensor.tp_link_smart_plug_794f_current_consumption,3.6,2026-02-11T21:34:37.033Z
sensor.tp_link_smart_plug_794f_current_consumption,3.7,2026-02-11T21:34:42.033Z
sensor.tp_link_smart_plug_794f_current_consumption,3.6,2026-02-11T21:34:47.032Z
sensor.tp_link_smart_plug_794f_current_consumption,3.7,2026-02-11T21:34:52.031Z
sensor.tp_link_smart_plug_794f_current_consumption,3.6,2026-02-11T21:35:12.035Z
sensor.tp_link_smart_plug_794f_current_consumption,3.8,2026-02-11T21:35:17.038Z
sensor.tp_link_smart_plug_794f_current_consumption,3.6,2026-02-11T21:35:22.032Z
sensor.tp_link_smart_plug_794f_current_consumption,3.7,2026-02-11T21:35:27.039Z
sensor.tp_link_smart_plug_794f_current_consumption,3.8,2026-02-11T21:35:37.046Z
sensor.tp_link_smart_plug_794f_current_consumption,3.7,2026-02-11T21:35:47.053Z
sensor.tp_link_smart_plug_794f_current_consumption,3.8,2026-02-11T21:35:52.074Z
sensor.tp_link_smart_plug_794f_current_consumption,3.7,2026-02-11T21:35:57.038Z
sensor.tp_link_smart_plug_794f_current_consumption,3.6,2026-02-11T21:36:12.038Z
sensor.tp_link_smart_plug_794f_current_consumption,3.7,2026-02-11T21:36:17.031Z
sensor.tp_link_smart_plug_794f_current_consumption,3.6,2026-02-11T21:36:22.039Z
sensor.tp_link_smart_plug_794f_current_consumption,3.7,2026-02-11T21:36:27.031Z
sensor.tp_link_smart_plug_794f_current_consumption,4.5,2026-02-11T21:36:42.030Z
sensor.tp_link_smart_plug_794f_current_consumption,3.6,2026-02-11T21:36:47.031Z
sensor.tp_link_smart_plug_794f_current_consumption,3.7,2026-02-11T21:36:52.422Z
sensor.tp_link_smart_plug_794f_current_consumption,3.8,2026-02-11T21:36:57.031Z
sensor.tp_link_smart_plug_794f_current_consumption,3.7,2026-02-11T21:37:02.030Z
sensor.tp_link_smart_plug_794f_current_consumption,3.8,2026-02-11T21:37:22.033Z
sensor.tp_link_smart_plug_794f_current_consumption,3.7,2026-02-11T21:37:27.036Z
sensor.tp_link_smart_plug_794f_current_consumption,3.8,2026-02-11T21:38:37.039Z
sensor.tp_link_smart_plug_794f_current_consumption,3.9,2026-02-11T21:38:42.038Z
sensor.tp_link_smart_plug_794f_current_consumption,3.8,2026-02-11T21:38:47.051Z
sensor.tp_link_smart_plug_794f_current_consumption,3.9,2026-02-11T21:38:52.039Z
sensor.tp_link_smart_plug_794f_current_consumption,3.8,2026-02-11T21:38:57.036Z
sensor.tp_link_smart_plug_794f_current_consumption,4.0,2026-02-11T21:39:02.058Z
sensor.tp_link_smart_plug_794f_current_consumption,3.8,2026-02-11T21:39:07.050Z
sensor.tp_link_smart_plug_794f_current_consumption,3.7,2026-02-11T21:39:12.030Z
sensor.tp_link_smart_plug_794f_current_consumption,3.9,2026-02-11T21:39:42.033Z
sensor.tp_link_smart_plug_794f_current_consumption,3.7,2026-02-11T21:39:47.034Z
sensor.tp_link_smart_plug_794f_current_consumption,3.6,2026-02-11T21:39:52.030Z
sensor.tp_link_smart_plug_794f_current_consumption,3.7,2026-02-11T21:39:57.031Z
sensor.tp_link_smart_plug_794f_current_consumption,3.8,2026-02-11T21:40:02.035Z
sensor.tp_link_smart_plug_794f_current_consumption,3.7,2026-02-11T21:40:07.032Z
sensor.tp_link_smart_plug_794f_current_consumption,3.8,2026-02-11T21:40:17.033Z
sensor.tp_link_smart_plug_794f_current_consumption,3.7,2026-02-11T21:40:22.032Z
sensor.tp_link_smart_plug_794f_current_consumption,3.8,2026-02-11T21:40:32.050Z
sensor.tp_link_smart_plug_794f_current_consumption,3.7,2026-02-11T21:40:47.042Z
sensor.tp_link_smart_plug_794f_current_consumption,3.6,2026-02-11T21:40:52.031Z
sensor.tp_link_smart_plug_794f_current_consumption,3.9,2026-02-11T21:40:57.036Z
sensor.tp_link_smart_plug_794f_current_consumption,3.8,2026-02-11T21:41:02.045Z
sensor.tp_link_smart_plug_794f_current_consumption,3.7,2026-02-11T21:41:12.035Z
sensor.tp_link_smart_plug_794f_current_consumption,3.6,2026-02-11T21:41:27.041Z
sensor.tp_link_smart_plug_794f_current_consumption,3.7,2026-02-11T21:41:32.041Z
sensor.tp_link_smart_plug_794f_current_consumption,3.9,2026-02-11T21:41:37.035Z
sensor.tp_link_smart_plug_794f_current_consumption,3.8,2026-02-11T21:41:42.364Z
sensor.tp_link_smart_plug_794f_current_consumption,4.0,2026-02-11T21:41:47.032Z
sensor.tp_link_smart_plug_794f_current_consumption,3.9,2026-02-11T21:41:52.030Z
sensor.tp_link_smart_plug_794f_current_consumption,3.7,2026-02-11T21:41:57.031Z
sensor.tp_link_smart_plug_794f_current_consumption,3.8,2026-02-11T21:42:02.030Z
sensor.tp_link_smart_plug_794f_current_consumption,3.7,2026-02-11T21:42:07.034Z
sensor.tp_link_smart_plug_794f_current_consumption,3.6,2026-02-11T21:42:12.044Z
sensor.tp_link_smart_plug_794f_current_consumption,3.8,2026-02-11T21:42:17.053Z
sensor.tp_link_smart_plug_794f_current_consumption,3.7,2026-02-11T21:42:32.047Z
sensor.tp_link_smart_plug_794f_current_consumption,3.8,2026-02-11T21:42:37.046Z
sensor.tp_link_smart_plug_794f_current_consumption,3.9,2026-02-11T21:42:42.031Z
sensor.tp_link_smart_plug_794f_current_consumption,3.6,2026-02-11T21:42:52.033Z
sensor.tp_link_smart_plug_794f_current_consumption,3.8,2026-02-11T21:42:57.034Z
sensor.tp_link_smart_plug_794f_current_consumption,3.7,2026-02-11T21:43:02.030Z
sensor.tp_link_smart_plug_794f_current_consumption,3.8,2026-02-11T21:43:07.035Z
sensor.tp_link_smart_plug_794f_current_consumption,3.6,2026-02-11T21:43:12.189Z
sensor.tp_link_smart_plug_794f_current_consumption,4.3,2026-02-11T21:43:17.035Z
sensor.tp_link_smart_plug_794f_current_consumption,4.2,2026-02-11T21:43:22.060Z
sensor.tp_link_smart_plug_794f_current_consumption,3.9,2026-02-11T21:43:27.037Z
sensor.tp_link_smart_plug_794f_current_consumption,3.7,2026-02-11T21:43:32.030Z
sensor.tp_link_smart_plug_794f_current_consumption,3.8,2026-02-11T21:43:37.035Z
sensor.tp_link_smart_plug_794f_current_consumption,3.9,2026-02-11T21:43:42.048Z
sensor.tp_link_smart_plug_794f_current_consumption,3.7,2026-02-11T21:43:52.037Z
sensor.tp_link_smart_plug_794f_current_consumption,3.9,2026-02-11T21:43:57.041Z
sensor.tp_link_smart_plug_794f_current_consumption,3.7,2026-02-11T21:44:02.041Z
sensor.tp_link_smart_plug_794f_current_consumption,3.9,2026-02-11T21:44:07.048Z
sensor.tp_link_smart_plug_794f_current_consumption,3.7,2026-02-11T21:44:12.030Z
sensor.tp_link_smart_plug_794f_current_consumption,3.8,2026-02-11T21:44:27.040Z
sensor.tp_link_smart_plug_794f_current_consumption,3.7,2026-02-11T21:44:32.031Z
sensor.tp_link_smart_plug_794f_current_consumption,3.9,2026-02-11T21:44:42.031Z
sensor.tp_link_smart_plug_794f_current_consumption,4.3,2026-02-11T21:44:52.031Z
sensor.tp_link_smart_plug_794f_current_consumption,3.9,2026-02-11T21:44:57.030Z
sensor.tp_link_smart_plug_794f_current_consumption,3.8,2026-02-11T21:45:02.048Z
sensor.tp_link_smart_plug_794f_current_consumption,3.7,2026-02-11T21:45:12.073Z
sensor.tp_link_smart_plug_794f_current_consumption,3.9,2026-02-11T21:45:17.031Z
sensor.tp_link_smart_plug_794f_current_consumption,3.7,2026-02-11T21:45:22.033Z
sensor.tp_link_smart_plug_794f_current_consumption,3.9,2026-02-11T21:45:27.038Z
sensor.tp_link_smart_plug_794f_current_consumption,3.8,2026-02-11T21:45:32.043Z
sensor.tp_link_smart_plug_794f_current_consumption,3.7,2026-02-11T21:45:52.048Z
sensor.tp_link_smart_plug_794f_current_consumption,3.8,2026-02-11T21:45:57.031Z
sensor.tp_link_smart_plug_794f_current_consumption,3.7,2026-02-11T21:46:02.033Z
sensor.tp_link_smart_plug_794f_current_consumption,4.0,2026-02-11T21:46:07.036Z
sensor.tp_link_smart_plug_794f_current_consumption,3.8,2026-02-11T21:46:12.031Z
sensor.tp_link_smart_plug_794f_current_consumption,3.9,2026-02-11T21:46:17.036Z
sensor.tp_link_smart_plug_794f_current_consumption,3.7,2026-02-11T21:46:22.040Z
sensor.tp_link_smart_plug_794f_current_consumption,3.9,2026-02-11T21:46:27.032Z
sensor.tp_link_smart_plug_794f_current_consumption,3.7,2026-02-11T21:46:32.036Z
sensor.tp_link_smart_plug_794f_current_consumption,3.8,2026-02-11T21:46:37.049Z
sensor.tp_link_smart_plug_794f_current_consumption,3.9,2026-02-11T21:46:42.030Z
sensor.tp_link_smart_plug_794f_current_consumption,3.8,2026-02-11T21:46:52.039Z
sensor.tp_link_smart_plug_794f_current_consumption,3.9,2026-02-11T21:46:57.031Z
sensor.tp_link_smart_plug_794f_current_consumption,3.7,2026-02-11T21:47:02.039Z
sensor.tp_link_smart_plug_794f_current_consumption,3.9,2026-02-11T21:47:07.042Z
sensor.tp_link_smart_plug_794f_current_consumption,3.7,2026-02-11T21:47:12.041Z
sensor.tp_link_smart_plug_794f_current_consumption,3.9,2026-02-11T21:47:17.044Z
sensor.tp_link_smart_plug_794f_current_consumption,3.6,2026-02-11T21:47:22.042Z
sensor.tp_link_smart_plug_794f_current_consumption,3.8,2026-02-11T21:47:27.038Z
sensor.tp_link_smart_plug_794f_current_consumption,3.7,2026-02-11T21:47:32.043Z
sensor.tp_link_smart_plug_794f_current_consumption,3.9,2026-02-11T21:47:37.032Z
sensor.tp_link_smart_plug_794f_current_consumption,4.1,2026-02-11T21:47:42.030Z
sensor.tp_link_smart_plug_794f_current_consumption,3.9,2026-02-11T21:47:47.058Z
sensor.tp_link_smart_plug_794f_current_consumption,3.7,2026-02-11T21:47:52.031Z
sensor.tp_link_smart_plug_794f_current_consumption,3.9,2026-02-11T21:47:57.031Z
sensor.tp_link_smart_plug_794f_current_consumption,3.6,2026-02-11T21:48:02.037Z
sensor.tp_link_smart_plug_794f_current_consumption,4.5,2026-02-11T21:48:07.417Z
sensor.tp_link_smart_plug_794f_current_consumption,4.0,2026-02-11T21:48:12.036Z
sensor.tp_link_smart_plug_794f_current_consumption,3.9,2026-02-11T21:48:17.035Z
sensor.tp_link_smart_plug_794f_current_consumption,3.7,2026-02-11T21:48:22.031Z
sensor.tp_link_smart_plug_794f_current_consumption,3.9,2026-02-11T21:48:27.034Z
sensor.tp_link_smart_plug_794f_current_consumption,3.7,2026-02-11T21:48:32.040Z
sensor.tp_link_smart_plug_794f_current_consumption,3.8,2026-02-11T21:48:37.030Z
sensor.tp_link_smart_plug_794f_current_consumption,4.0,2026-02-11T21:48:42.069Z
sensor.tp_link_smart_plug_794f_current_consumption,3.8,2026-02-11T21:48:52.032Z
sensor.tp_link_smart_plug_794f_current_consumption,3.9,2026-02-11T21:48:57.037Z
sensor.tp_link_smart_plug_794f_current_consumption,3.7,2026-02-11T21:49:02.047Z
sensor.tp_link_smart_plug_794f_current_consumption,3.8,2026-02-11T21:49:07.054Z
sensor.tp_link_smart_plug_794f_current_consumption,3.9,2026-02-11T21:49:17.042Z
sensor.tp_link_smart_plug_794f_current_consumption,3.6,2026-02-11T21:49:22.031Z
sensor.tp_link_smart_plug_794f_current_consumption,3.8,2026-02-11T21:49:27.039Z
sensor.tp_link_smart_plug_794f_current_consumption,3.9,2026-02-11T21:49:42.031Z
sensor.tp_link_smart_plug_794f_current_consumption,3.8,2026-02-11T21:49:47.043Z
sensor.tp_link_smart_plug_794f_current_consumption,3.6,2026-02-11T21:49:52.032Z
sensor.tp_link_smart_plug_794f_current_consumption,3.8,2026-02-11T21:49:57.031Z
sensor.tp_link_smart_plug_794f_current_consumption,3.7,2026-02-11T21:50:02.030Z
sensor.tp_link_smart_plug_794f_current_consumption,3.9,2026-02-11T21:50:07.033Z
sensor.tp_link_smart_plug_794f_current_consumption,3.7,2026-02-11T21:50:12.032Z
sensor.tp_link_smart_plug_794f_current_consumption,3.6,2026-02-11T21:50:22.032Z
sensor.tp_link_smart_plug_794f_current_consumption,3.8,2026-02-11T21:50:27.045Z
sensor.tp_link_smart_plug_794f_current_consumption,4.0,2026-02-11T21:50:42.038Z
sensor.tp_link_smart_plug_794f_current_consumption,3.9,2026-02-11T21:50:47.049Z
sensor.tp_link_smart_plug_794f_current_consumption,3.7,2026-02-11T21:50:52.030Z
sensor.tp_link_smart_plug_794f_current_consumption,3.8,2026-02-11T21:50:57.031Z
sensor.tp_link_smart_plug_794f_current_consumption,3.7,2026-02-11T21:51:02.031Z
sensor.tp_link_smart_plug_794f_current_consumption,3.8,2026-02-11T21:51:07.038Z
sensor.tp_link_smart_plug_794f_current_consumption,3.9,2026-02-11T21:51:12.042Z
sensor.tp_link_smart_plug_794f_current_consumption,4.0,2026-02-11T21:51:17.030Z
sensor.tp_link_smart_plug_794f_current_consumption,3.7,2026-02-11T21:51:22.043Z
sensor.tp_link_smart_plug_794f_current_consumption,4.2,2026-02-11T21:51:27.041Z
sensor.tp_link_smart_plug_794f_current_consumption,3.7,2026-02-11T21:51:32.032Z
sensor.tp_link_smart_plug_794f_current_consumption,3.8,2026-02-11T21:51:37.041Z
sensor.tp_link_smart_plug_794f_current_consumption,3.7,2026-02-11T21:51:47.033Z
sensor.tp_link_smart_plug_794f_current_consumption,3.6,2026-02-11T21:51:52.036Z
sensor.tp_link_smart_plug_794f_current_consumption,3.7,2026-02-11T21:51:57.030Z
sensor.tp_link_smart_plug_794f_current_consumption,3.8,2026-02-11T21:52:07.040Z
sensor.tp_link_smart_plug_794f_current_consumption,3.7,2026-02-11T21:52:12.048Z
sensor.tp_link_smart_plug_794f_current_consumption,4.0,2026-02-11T21:52:22.041Z
sensor.tp_link_smart_plug_794f_current_consumption,3.6,2026-02-11T21:52:27.058Z
sensor.tp_link_smart_plug_794f_current_consumption,3.7,2026-02-11T21:52:32.030Z
sensor.tp_link_smart_plug_794f_current_consumption,3.6,2026-02-11T21:52:37.032Z
sensor.tp_link_smart_plug_794f_current_consumption,3.8,2026-02-11T21:52:42.030Z
sensor.tp_link_smart_plug_794f_current_consumption,3.7,2026-02-11T21:52:47.032Z
sensor.tp_link_smart_plug_794f_current_consumption,3.8,2026-02-11T21:53:07.037Z
sensor.tp_link_smart_plug_794f_current_consumption,3.6,2026-02-11T21:53:12.033Z
sensor.tp_link_smart_plug_794f_current_consumption,3.8,2026-02-11T21:53:17.034Z
sensor.tp_link_smart_plug_794f_current_consumption,3.7,2026-02-11T21:53:27.031Z
sensor.tp_link_smart_plug_794f_current_consumption,3.8,2026-02-11T21:53:42.037Z
sensor.tp_link_smart_plug_794f_current_consumption,3.7,2026-02-11T21:53:47.043Z
sensor.tp_link_smart_plug_794f_current_consumption,3.6,2026-02-11T21:54:12.034Z
sensor.tp_link_smart_plug_794f_current_consumption,3.7,2026-02-11T21:54:17.035Z
sensor.tp_link_smart_plug_794f_current_consumption,3.8,2026-02-11T21:54:32.041Z
sensor.tp_link_smart_plug_794f_current_consumption,3.7,2026-02-11T21:54:47.038Z
sensor.tp_link_smart_plug_794f_current_consumption,3.9,2026-02-11T21:54:52.030Z
sensor.tp_link_smart_plug_794f_current_consumption,3.8,2026-02-11T21:54:57.031Z
sensor.tp_link_smart_plug_794f_current_consumption,3.7,2026-02-11T21:55:02.031Z
sensor.tp_link_smart_plug_794f_current_consumption,3.8,2026-02-11T21:55:07.031Z
sensor.tp_link_smart_plug_794f_current_consumption,3.7,2026-02-11T21:55:17.031Z
sensor.tp_link_smart_plug_794f_current_consumption,3.8,2026-02-11T21:55:22.032Z
sensor.tp_link_smart_plug_794f_current_consumption,3.7,2026-02-11T21:55:27.038Z
sensor.tp_link_smart_plug_794f_current_consumption,4.3,2026-02-11T21:55:37.030Z
sensor.tp_link_smart_plug_794f_current_consumption,3.9,2026-02-11T21:55:42.038Z
sensor.tp_link_smart_plug_794f_current_consumption,3.7,2026-02-11T21:55:47.045Z
sensor.tp_link_smart_plug_794f_current_consumption,3.6,2026-02-11T21:56:02.033Z
sensor.tp_link_smart_plug_794f_current_consumption,3.7,2026-02-11T21:56:07.031Z
sensor.tp_link_smart_plug_794f_current_consumption,3.8,2026-02-11T21:56:37.031Z
sensor.tp_link_smart_plug_794f_current_consumption,3.6,2026-02-11T21:56:42.036Z
sensor.tp_link_smart_plug_794f_current_consumption,3.7,2026-02-11T21:56:47.036Z
sensor.tp_link_smart_plug_794f_current_consumption,3.8,2026-02-11T21:56:52.035Z
sensor.tp_link_smart_plug_794f_current_consumption,3.6,2026-02-11T21:56:57.037Z
sensor.tp_link_smart_plug_794f_current_consumption,3.7,2026-02-11T21:57:02.038Z
sensor.tp_link_smart_plug_794f_current_consumption,4.4,2026-02-11T21:57:12.040Z
sensor.tp_link_smart_plug_794f_current_consumption,3.8,2026-02-11T21:57:17.058Z
sensor.tp_link_smart_plug_794f_current_consumption,3.7,2026-02-11T21:57:22.037Z
sensor.tp_link_smart_plug_794f_current_consumption,3.8,2026-02-11T21:57:32.043Z
sensor.tp_link_smart_plug_794f_current_consumption,3.6,2026-02-11T21:57:37.031Z
sensor.tp_link_smart_plug_794f_current_consumption,3.7,2026-02-11T21:57:42.053Z
sensor.tp_link_smart_plug_794f_current_consumption,3.9,2026-02-11T21:57:47.031Z
sensor.tp_link_smart_plug_794f_current_consumption,3.7,2026-02-11T21:57:52.037Z
sensor.tp_link_smart_plug_794f_current_consumption,3.8,2026-02-11T21:58:02.032Z
sensor.tp_link_smart_plug_794f_current_consumption,3.7,2026-02-11T21:58:07.032Z
sensor.tp_link_smart_plug_794f_current_consumption,3.8,2026-02-11T21:58:12.050Z
sensor.tp_link_smart_plug_794f_current_consumption,3.7,2026-02-11T21:58:22.031Z
sensor.tp_link_smart_plug_794f_current_consumption,3.8,2026-02-11T21:58:57.039Z
sensor.tp_link_smart_plug_794f_current_consumption,4.5,2026-02-11T21:59:02.049Z
sensor.tp_link_smart_plug_794f_current_consumption,3.7,2026-02-11T21:59:07.035Z
sensor.tp_link_smart_plug_794f_current_consumption,3.8,2026-02-11T21:59:47.036Z
sensor.tp_link_smart_plug_794f_current_consumption,3.7,2026-02-11T21:59:52.038Z
sensor.tp_link_smart_plug_794f_current_consumption,3.8,2026-02-11T21:59:57.041Z
